attack,snr_db,ber,nc
LPF_4000Hz,4.936445681900345,0.08542183622828785,0.8291563275434243
HPF_300Hz,0.30449226082814024,0.364095455955335,0.27180908808933
CROP_20pct,3.5579413520472887,0.02183235111662531,0.9563352977667494
GAUSS_noise_20dB,5.113516976151599,0.006184088089330025,0.98763182382134
